year,stock,catch,biomass,c_units,b,b_units,other_b_available
1959,3Ps,60170,233700,t,ssb,t,naa*waa
1960,3Ps,77285,222500,t,ssb,t,naa*waa
1961,3Ps,86824,222600,t,ssb,t,naa*waa
1962,3Ps,55239,212000,t,ssb,t,naa*waa
1963,3Ps,51821,194000,t,ssb,t,naa*waa
1964,3Ps,56567,176900,t,ssb,t,naa*waa
1965,3Ps,51853,170200,t,ssb,t,naa*waa
1966,3Ps,66207,160900,t,ssb,t,naa*waa
1967,3Ps,62774,149200,t,ssb,t,naa*waa
1968,3Ps,77556,159900,t,ssb,t,naa*waa
1969,3Ps,63799,146100,t,ssb,t,naa*waa
1970,3Ps,76858,131900,t,ssb,t,naa*waa
1971,3Ps,62448,124600,t,ssb,t,naa*waa
1972,3Ps,44213,111600,t,ssb,t,naa*waa
1973,3Ps,52641,90700,t,ssb,t,naa*waa
1974,3Ps,46712,83900,t,ssb,t,naa*waa
1975,3Ps,35373,92000,t,ssb,t,naa*waa
1976,3Ps,37133,84700,t,ssb,t,naa*waa
1977,3Ps,32245,80000,t,ssb,t,naa*waa
1978,3Ps,27221,70800,t,ssb,t,naa*waa
1979,3Ps,33006,79700,t,ssb,t,naa*waa
1980,3Ps,37568,98800,t,ssb,t,naa*waa
1981,3Ps,38892,112200,t,ssb,t,naa*waa
1982,3Ps,33902,124900,t,ssb,t,naa*waa
1983,3Ps,38451,111700,t,ssb,t,naa*waa
1984,3Ps,36950,121600,t,ssb,t,naa*waa
1985,3Ps,51367,129700,t,ssb,t,naa*waa
1986,3Ps,57990,124100,t,ssb,t,naa*waa
1987,3Ps,59204,114600,t,ssb,t,naa*waa
1988,3Ps,43382,101700,t,ssb,t,naa*waa
1989,3Ps,39540,92000,t,ssb,t,naa*waa
1990,3Ps,41405,73000,t,ssb,t,naa*waa
1991,3Ps,43589,63800,t,ssb,t,naa*waa
1992,3Ps,35895,51000,t,ssb,t,naa*waa
1993,3Ps,15216,37700,t,ssb,t,naa*waa
1994,3Ps,661,42300,t,ssb,t,naa*waa
1995,3Ps,821,75100,t,ssb,t,naa*waa
1996,3Ps,1057,70600,t,ssb,t,naa*waa
1997,3Ps,9420,75900,t,ssb,t,naa*waa
1998,3Ps,20156,86400,t,ssb,t,naa*waa
1999,3Ps,27997,79800,t,ssb,t,naa*waa
2000,3Ps,25100,65200,t,ssb,t,naa*waa
2001,3Ps,16546,50900,t,ssb,t,naa*waa
2002,3Ps,15319,50200,t,ssb,t,naa*waa
2003,3Ps,15260,52100,t,ssb,t,naa*waa
2004,3Ps,14414,53400,t,ssb,t,naa*waa
2005,3Ps,14776,52000,t,ssb,t,naa*waa
2006,3Ps,13157,50900,t,ssb,t,naa*waa
2007,3Ps,12959,45100,t,ssb,t,naa*waa
2008,3Ps,11773,36700,t,ssb,t,naa*waa
2009,3Ps,9762,31600,t,ssb,t,naa*waa
2010,3Ps,8299,27400,t,ssb,t,naa*waa
2011,3Ps,6876,27000,t,ssb,t,naa*waa
2012,3Ps,5087,27100,t,ssb,t,naa*waa
2013,3Ps,4366,25300,t,ssb,t,naa*waa
2014,3Ps,6887,27800,t,ssb,t,naa*waa
2015,3Ps,6460,27100,t,ssb,t,naa*waa
2016,3Ps,7246,28300,t,ssb,t,naa*waa
2017,3Ps,6641,30600,t,ssb,t,naa*waa
2018,3Ps,4737,31600,t,ssb,t,naa*waa
2019,3Ps,3528,30100,t,ssb,t,naa*waa
2020,3Ps,2228,32600,t,ssb,t,naa*waa
2021,3Ps,1346,31700,t,ssb,t,naa*waa
1973,3Pn4RS,65805,271848,t,2+,t,ssb
1974,3Pn4RS,66436,283961,t,2+,t,ssb
1975,3Pn4RS,60233,291657,t,2+,t,ssb
1976,3Pn4RS,76981,327365,t,2+,t,ssb
1977,3Pn4RS,73566,345166,t,2+,t,ssb
1978,3Pn4RS,78506,365968,t,2+,t,ssb
1979,3Pn4RS,82777,399809,t,2+,t,ssb
1980,3Pn4RS,97579,408936,t,2+,t,ssb
1981,3Pn4RS,97911,420798,t,2+,t,ssb
1982,3Pn4RS,104939,415935,t,2+,t,ssb
1983,3Pn4RS,106080,415784,t,2+,t,ssb
1984,3Pn4RS,103643,381493,t,2+,t,ssb
1985,3Pn4RS,88481,363241,t,2+,t,ssb
1986,3Pn4RS,83399,342104,t,2+,t,ssb
1987,3Pn4RS,66545,324868,t,2+,t,ssb
1988,3Pn4RS,47702,305036,t,2+,t,ssb
1989,3Pn4RS,46762,272304,t,2+,t,ssb
1990,3Pn4RS,39000,228054,t,2+,t,ssb
1991,3Pn4RS,34481,168991,t,2+,t,ssb
1992,3Pn4RS,29546,114530,t,2+,t,ssb
1993,3Pn4RS,18452,68272,t,2+,t,ssb
1994,3Pn4RS,537,46584,t,2+,t,ssb
1995,3Pn4RS,185,53828,t,2+,t,ssb
1996,3Pn4RS,317,60580,t,2+,t,ssb
1997,3Pn4RS,4792,72812,t,2+,t,ssb
1998,3Pn4RS,3229,83317,t,2+,t,ssb
1999,3Pn4RS,6890,99841,t,2+,t,ssb
2000,3Pn4RS,6857,99492,t,2+,t,ssb
2001,3Pn4RS,6950,97111,t,2+,t,ssb
2002,3Pn4RS,6529,78479,t,2+,t,ssb
2003,3Pn4RS,389,78569,t,2+,t,ssb
2004,3Pn4RS,3274,84820,t,2+,t,ssb
2005,3Pn4RS,4461,89912,t,2+,t,ssb
2006,3Pn4RS,5652,96722,t,2+,t,ssb
2007,3Pn4RS,6483,102869,t,2+,t,ssb
2008,3Pn4RS,6158,101964,t,2+,t,ssb
2009,3Pn4RS,4700,95011,t,2+,t,ssb
2010,3Pn4RS,3552,86985,t,2+,t,ssb
2011,3Pn4RS,1775,74382,t,2+,t,ssb
2012,3Pn4RS,1303,79818,t,2+,t,ssb
2013,3Pn4RS,1222,91629,t,2+,t,ssb
2014,3Pn4RS,1262,102596,t,2+,t,ssb
2015,3Pn4RS,1267,117332,t,2+,t,ssb
2016,3Pn4RS,1373,109161,t,2+,t,ssb
2017,3Pn4RS,2671,93770,t,2+,t,ssb
2018,3Pn4RS,2578,72791,t,2+,t,ssb
2019,3Pn4RS,774,66044,t,2+,t,ssb
2020,3Pn4RS,681,88188,t,2+,t,ssb
2021,3Pn4RS,672,87366,t,2+,t,ssb
2022,3Pn4RS,164,80829,t,2+,t,ssb
1983,4X5Y,29469,104890,t,ssb,t,naa*waa
1984,4X5Y,25528,89870,t,ssb,t,naa*waa
1985,4X5Y,21499,92207,t,ssb,t,naa*waa
1986,4X5Y,20040,90147,t,ssb,t,naa*waa
1987,4X5Y,18991,90846,t,ssb,t,naa*waa
1988,4X5Y,20536,90351,t,ssb,t,naa*waa
1989,4X5Y,19887,95923,t,ssb,t,naa*waa
1990,4X5Y,23892,120363,t,ssb,t,naa*waa
1991,4X5Y,27749,118413,t,ssb,t,naa*waa
1992,4X5Y,26080,91191,t,ssb,t,naa*waa
1993,4X5Y,16026,70925,t,ssb,t,naa*waa
1994,4X5Y,13108,76227,t,ssb,t,naa*waa
1995,4X5Y,8849,79641,t,ssb,t,naa*waa
1996,4X5Y,10640,87721,t,ssb,t,naa*waa
1997,4X5Y,11548,89304,t,ssb,t,naa*waa
1998,4X5Y,8283,63780,t,ssb,t,naa*waa
1999,4X5Y,6304,49323,t,ssb,t,naa*waa
2000,4X5Y,5756,48022,t,ssb,t,naa*waa
2001,4X5Y,5707,60076,t,ssb,t,naa*waa
2002,4X5Y,5893,56340,t,ssb,t,naa*waa
2003,4X5Y,5668,59618,t,ssb,t,naa*waa
2004,4X5Y,5010,54150,t,ssb,t,naa*waa
2005,4X5Y,4117,46577,t,ssb,t,naa*waa
2006,4X5Y,3700,40285,t,ssb,t,naa*waa
2007,4X5Y,3790,31905,t,ssb,t,naa*waa
2008,4X5Y,4132,28111,t,ssb,t,naa*waa
2009,4X5Y,3183,22105,t,ssb,t,naa*waa
2010,4X5Y,2964,20744,t,ssb,t,naa*waa
2011,4X5Y,1448,15363,t,ssb,t,naa*waa
2012,4X5Y,1315,14122,t,ssb,t,naa*waa
2013,4X5Y,1181,12157,t,ssb,t,naa*waa
2014,4X5Y,1177,15073,t,ssb,t,naa*waa
2015,4X5Y,705,23396,t,ssb,t,naa*waa
2016,4X5Y,717,18978,t,ssb,t,naa*waa
2017,4X5Y,790,13741,t,ssb,t,naa*waa
1954,2j3kl,315843,887000,t,total,t,
1955,2j3kl,232858,887000,t,total,t,
1956,2j3kl,236210,898000,t,total,t,
1957,2j3kl,254456,952000,t,total,t,
1958,2j3kl,206710,1036000,t,total,t,
1959,2j3kl,359572,1225000,t,total,t,
1960,2j3kl,467802,1395000,t,total,t,
1961,2j3kl,505105,1485000,t,total,t,
1962,2j3kl,507026,1508000,t,total,t,
1963,2j3kl,509209,1447000,t,total,t,
1964,2j3kl,602651,1377000,t,total,t,
1965,2j3kl,545035,1144000,t,total,t,
1966,2j3kl,524505,1023000,t,total,t,
1967,2j3kl,611764,907000,t,total,t,
1968,2j3kl,810014,947000,t,total,t,
1969,2j3kl,753690,951000,t,total,t,
1970,2j3kl,520226,865000,t,total,t,
1971,2j3kl,439518,800000,t,total,t,
1972,2j3kl,458295,791000,t,total,t,
1973,2j3kl,354509,742000,t,total,t,
1974,2j3kl,372650,702000,t,total,t,
1975,2j3kl,287508,549000,t,total,t,
1976,2j3kl,214220,351000,t,total,t,
1977,2j3kl,172720,219000,t,total,t,
1978,2j3kl,138559,189000,t,total,t,
1979,2j3kl,166899,261000,t,total,t,
1980,2j3kl,175788,359000,t,total,t,
1981,2j3kl,170748,435000,t,total,t,
1982,2j3kl,229774,464000,t,total,t,
1983,2j3kl,232345,427000,t,total,t,
1984,2j3kl,232471,488000,t,total,t,
1985,2j3kl,231293,593000,t,total,t,
1986,2j3kl,266713,611000,t,total,t,
1987,2j3kl,239924,779000,t,total,t,
1988,2j3kl,268677,853000,t,total,t,
1989,2j3kl,253990,864000,t,total,t,
1990,2j3kl,219452,738000,t,total,t,
1991,2j3kl,172012,600000,t,total,t,
1992,2j3kl,40956,352000,t,total,t,
1993,2j3kl,11392,79000,t,total,t,
1994,2j3kl,1314,22000,t,total,t,
1995,2j3kl,413,10000,t,total,t,
1996,2j3kl,1875,15000,t,total,t,
1997,2j3kl,877,20000,t,total,t,
1998,2j3kl,4507,28000,t,total,t,
1999,2j3kl,8526,35000,t,total,t,
2000,2j3kl,5430,34000,t,total,t,
2001,2j3kl,6969,31000,t,total,t,
2002,2j3kl,4249,25000,t,total,t,
2003,2j3kl,994,23000,t,total,t,
2004,2j3kl,649,21000,t,total,t,
2005,2j3kl,1331,26000,t,total,t,
2006,2j3kl,2701,41000,t,total,t,
2007,2j3kl,2931,83000,t,total,t,
2008,2j3kl,3385,117000,t,total,t,
2009,2j3kl,3116,99000,t,total,t,
2010,2j3kl,2962,91000,t,total,t,
2011,2j3kl,3770,90000,t,total,t,
2012,2j3kl,3871,112000,t,total,t,
2013,2j3kl,4506,167000,t,total,t,
2014,2j3kl,4870,238000,t,total,t,
2015,2j3kl,4436,273000,t,total,t,
2016,2j3kl,10105,339000,t,total,t,
2017,2j3kl,12881,451000,t,total,t,
2018,2j3kl,9456,369000,t,total,t,
2019,2j3kl,10503,400000,t,total,t,
2020,2j3kl,10260,414000,t,total,t,
2021,2j3kl,10977,423000,t,total,t,
2022,2j3kl,12475,462000,t,total,t,
2023,2j3kl,12998,425000,t,total,t,
1508,2j3kl-SPM,156,5716114.076,t,total,t,
1509,2j3kl-SPM,203,5781792.249,t,total,t,
1510,2j3kl-SPM,251,5828453.929,t,total,t,
1511,2j3kl-SPM,188,5867618.858,t,total,t,
1512,2j3kl-SPM,125,5895277.47,t,total,t,
1513,2j3kl-SPM,125,5910227.071,t,total,t,
1514,2j3kl-SPM,125,5929521.322,t,total,t,
1515,2j3kl-SPM,125,5938366.213,t,total,t,
1516,2j3kl-SPM,125,5952534.9,t,total,t,
1517,2j3kl-SPM,125,5952524.786,t,total,t,
1518,2j3kl-SPM,251,5965594.686,t,total,t,
1519,2j3kl-SPM,376,5970987.246,t,total,t,
1520,2j3kl-SPM,501,5966009.706,t,total,t,
1521,2j3kl-SPM,125,5968965.544,t,total,t,
1522,2j3kl-SPM,376,5968881.216,t,total,t,
1523,2j3kl-SPM,156,5981067.697,t,total,t,
1524,2j3kl-SPM,125,5968595.906,t,total,t,
1525,2j3kl-SPM,376,5974807.595,t,total,t,
1526,2j3kl-SPM,627,5986723.84,t,total,t,
1527,2j3kl-SPM,877,5978414.626,t,total,t,
1528,2j3kl-SPM,501,5970704.526,t,total,t,
1529,2j3kl-SPM,125,5979766.172,t,total,t,
1530,2j3kl-SPM,376,5978472.42,t,total,t,
1531,2j3kl-SPM,251,5976809.017,t,total,t,
1532,2j3kl-SPM,125,5972022.333,t,total,t,
1533,2j3kl-SPM,251,5984046.162,t,total,t,
1534,2j3kl-SPM,125,5975567.188,t,total,t,
1535,2j3kl-SPM,376,5977068.062,t,total,t,
1536,2j3kl-SPM,125,5971787.794,t,total,t,
1537,2j3kl-SPM,1128,5977635.853,t,total,t,
1538,2j3kl-SPM,376,5978413.835,t,total,t,
1539,2j3kl-SPM,376,5982009.913,t,total,t,
1540,2j3kl-SPM,125,5975379.533,t,total,t,
1541,2j3kl-SPM,9658,5970527.656,t,total,t,
1542,2j3kl-SPM,752,5972378.438,t,total,t,
1543,2j3kl-SPM,1505,5962825.722,t,total,t,
1544,2j3kl-SPM,251,5964794.047,t,total,t,
1545,2j3kl-SPM,156,5965818.399,t,total,t,
1546,2j3kl-SPM,3011,5979963.314,t,total,t,
1547,2j3kl-SPM,1631,5973974.341,t,total,t,
1548,2j3kl-SPM,1631,5967164.183,t,total,t,
1549,2j3kl-SPM,12418,5959439.355,t,total,t,
1550,2j3kl-SPM,156,5964071.029,t,total,t,
1551,2j3kl-SPM,219,5963852.857,t,total,t,
1552,2j3kl-SPM,219,5961252.646,t,total,t,
1553,2j3kl-SPM,657,5965602.474,t,total,t,
1554,2j3kl-SPM,219,5965654.651,t,total,t,
1555,2j3kl-SPM,23894,5955834.876,t,total,t,
1556,2j3kl-SPM,1752,5945607.124,t,total,t,
1557,2j3kl-SPM,2631,5951052.021,t,total,t,
1558,2j3kl-SPM,84,5943824.233,t,total,t,
1559,2j3kl-SPM,11179,5944083.816,t,total,t,
1560,2j3kl-SPM,8330,5941186.437,t,total,t,
1561,2j3kl-SPM,6794,5944326.478,t,total,t,
1562,2j3kl-SPM,657,5950248.257,t,total,t,
1563,2j3kl-SPM,2409,5949815.014,t,total,t,
1564,2j3kl-SPM,10741,5944707.098,t,total,t,
1565,2j3kl-SPM,26084,5943400.65,t,total,t,
1566,2j3kl-SPM,876,5939904.483,t,total,t,
1567,2j3kl-SPM,745,5934407.305,t,total,t,
1568,2j3kl-SPM,613,5937982.258,t,total,t,
1569,2j3kl-SPM,482,5949828.12,t,total,t,
1570,2j3kl-SPM,350,5956168.926,t,total,t,
1571,2j3kl-SPM,219,5959904.723,t,total,t,
1572,2j3kl-SPM,3069,5963024.529,t,total,t,
1573,2j3kl-SPM,219,5955580.689,t,total,t,
1574,2j3kl-SPM,1314,5957511.079,t,total,t,
1575,2j3kl-SPM,4164,5963359.886,t,total,t,
1576,2j3kl-SPM,1533,5962787.426,t,total,t,
1577,2j3kl-SPM,3726,5962615.47,t,total,t,
1578,2j3kl-SPM,2409,5959766.448,t,total,t,
1579,2j3kl-SPM,2409,5971000.042,t,total,t,
1580,2j3kl-SPM,3507,5970552.938,t,total,t,
1581,2j3kl-SPM,1314,5974372.145,t,total,t,
1582,2j3kl-SPM,3288,5973224.677,t,total,t,
1583,2j3kl-SPM,2190,5972261.187,t,total,t,
1584,2j3kl-SPM,657,5965066.816,t,total,t,
1585,2j3kl-SPM,10301,5958322.897,t,total,t,
1586,2j3kl-SPM,8285,5956607.429,t,total,t,
1587,2j3kl-SPM,6268,5942762.096,t,total,t,
1588,2j3kl-SPM,4252,5944844.228,t,total,t,
1589,2j3kl-SPM,2235,5952179.658,t,total,t,
1590,2j3kl-SPM,219,5959667.821,t,total,t,
1591,2j3kl-SPM,219,5963831.374,t,total,t,
1592,2j3kl-SPM,219,5963803.9,t,total,t,
1593,2j3kl-SPM,219,5971901.175,t,total,t,
1594,2j3kl-SPM,219,5965965.922,t,total,t,
1595,2j3kl-SPM,219,5968533.591,t,total,t,
1596,2j3kl-SPM,22140,5960300.664,t,total,t,
1597,2j3kl-SPM,219,5960487.897,t,total,t,
1598,2j3kl-SPM,3726,5959970.532,t,total,t,
1599,2j3kl-SPM,4602,5970132.636,t,total,t,
1600,2j3kl-SPM,3891,5960092.068,t,total,t,
1601,2j3kl-SPM,20621,5950630.782,t,total,t,
1602,2j3kl-SPM,23878,5951466.779,t,total,t,
1603,2j3kl-SPM,3249,5939312.735,t,total,t,
1604,2j3kl-SPM,10306,5934135.515,t,total,t,
1605,2j3kl-SPM,17363,5934239.327,t,total,t,
1606,2j3kl-SPM,10856,5938847.349,t,total,t,
1607,2j3kl-SPM,9764,5924428.086,t,total,t,
1608,2j3kl-SPM,18455,5917903.211,t,total,t,
1609,2j3kl-SPM,22796,5909867.47,t,total,t,
1610,2j3kl-SPM,31477,5898732.618,t,total,t,
1611,2j3kl-SPM,24961,5899240.479,t,total,t,
1612,2j3kl-SPM,30394,5886518.265,t,total,t,
1613,2j3kl-SPM,49932,5879775.711,t,total,t,
1614,2j3kl-SPM,37993,5865132.583,t,total,t,
1615,2j3kl-SPM,18455,5863494.427,t,total,t,
1616,2j3kl-SPM,21713,5865316.906,t,total,t,
1617,2j3kl-SPM,6507,5876660.846,t,total,t,
1618,2j3kl-SPM,10856,5880460.339,t,total,t,
1619,2j3kl-SPM,14287,5877911.229,t,total,t,
1620,2j3kl-SPM,128101,5864844.543,t,total,t,
1621,2j3kl-SPM,16280,5853420.974,t,total,t,
1622,2j3kl-SPM,2903,5834850.369,t,total,t,
1623,2j3kl-SPM,10856,5863217.66,t,total,t,
1624,2j3kl-SPM,8681,5891923.037,t,total,t,
1625,2j3kl-SPM,6507,5893239.684,t,total,t,
1626,2j3kl-SPM,81959,5876469.607,t,total,t,
1627,2j3kl-SPM,157412,5816827.423,t,total,t,
1628,2j3kl-SPM,122677,5740580.597,t,total,t,
1629,2j3kl-SPM,13022,5708887.337,t,total,t,
1630,2j3kl-SPM,13022,5726487.825,t,total,t,
1631,2j3kl-SPM,13022,5771430.371,t,total,t,
1632,2j3kl-SPM,13022,5810408.37,t,total,t,
1633,2j3kl-SPM,13022,5841953.442,t,total,t,
1634,2j3kl-SPM,13022,5876676.197,t,total,t,
1635,2j3kl-SPM,13022,5890743.824,t,total,t,
1636,2j3kl-SPM,29311,5876855.901,t,total,t,
1637,2j3kl-SPM,21713,5878488.395,t,total,t,
1638,2j3kl-SPM,21713,5883377.11,t,total,t,
1639,2j3kl-SPM,28219,5891826.761,t,total,t,
1640,2j3kl-SPM,21713,5884348.453,t,total,t,
1641,2j3kl-SPM,39075,5883790.121,t,total,t,
1642,2j3kl-SPM,16280,5886133.205,t,total,t,
1643,2j3kl-SPM,21713,5890316.722,t,total,t,
1644,2j3kl-SPM,21713,5886660.107,t,total,t,
1645,2j3kl-SPM,21713,5885867.044,t,total,t,
1646,2j3kl-SPM,26053,5885963.278,t,total,t,
1647,2j3kl-SPM,21167,5886242.1,t,total,t,
1648,2j3kl-SPM,16280,5888898.364,t,total,t,
1649,2j3kl-SPM,20621,5885044.205,t,total,t,
1650,2j3kl-SPM,15303,5895417.056,t,total,t,
1651,2j3kl-SPM,9985,5895807.038,t,total,t,
1652,2j3kl-SPM,8695,5899856.867,t,total,t,
1653,2j3kl-SPM,7406,5913908.467,t,total,t,
1654,2j3kl-SPM,6394,5928377.687,t,total,t,
1655,2j3kl-SPM,5382,5939652.328,t,total,t,
1656,2j3kl-SPM,4370,5942828.416,t,total,t,
1657,2j3kl-SPM,3358,5945949.029,t,total,t,
1658,2j3kl-SPM,2346,5949508.299,t,total,t,
1659,2j3kl-SPM,1333,5956362.955,t,total,t,
1660,2j3kl-SPM,321,5958769.01,t,total,t,
1661,2j3kl-SPM,20292,5960023.34,t,total,t,
1662,2j3kl-SPM,40262,5948751.422,t,total,t,
1663,2j3kl-SPM,643,5926305.043,t,total,t,
1664,2j3kl-SPM,111129,5901213.969,t,total,t,
1665,2j3kl-SPM,46705,5860278.569,t,total,t,
1666,2j3kl-SPM,5797,5843120.345,t,total,t,
1667,2j3kl-SPM,5476,5856298.59,t,total,t,
1668,2j3kl-SPM,5476,5883053.593,t,total,t,
1669,2j3kl-SPM,5476,5903354.497,t,total,t,
1670,2j3kl-SPM,28666,5906112.571,t,total,t,
1671,2j3kl-SPM,5476,5915569.44,t,total,t,
1672,2j3kl-SPM,5476,5923661.058,t,total,t,
1673,2j3kl-SPM,7730,5931841.036,t,total,t,
1674,2j3kl-SPM,9985,5926946.389,t,total,t,
1675,2j3kl-SPM,46705,5917407.753,t,total,t,
1676,2j3kl-SPM,14494,5910599.506,t,total,t,
1677,2j3kl-SPM,12560,5913968.495,t,total,t,
1678,2j3kl-SPM,10627,5911284.625,t,total,t,
1679,2j3kl-SPM,9985,5916524.682,t,total,t,
1680,2j3kl-SPM,26411,5911006.623,t,total,t,
1681,2j3kl-SPM,52180,5906967.233,t,total,t,
1682,2j3kl-SPM,38653,5881956.216,t,total,t,
1683,2j3kl-SPM,39620,5864165.023,t,total,t,
1684,2j3kl-SPM,25769,5848126.212,t,total,t,
1685,2j3kl-SPM,52180,5844130.284,t,total,t,
1686,2j3kl-SPM,46383,5834740.292,t,total,t,
1687,2j3kl-SPM,47671,5814751.16,t,total,t,
1688,2j3kl-SPM,38008,5819431.64,t,total,t,
1689,2j3kl-SPM,14745,5815667.181,t,total,t,
1690,2j3kl-SPM,2768,5842725.427,t,total,t,
1691,2j3kl-SPM,3864,5865257.649,t,total,t,
1692,2j3kl-SPM,1604,5881669.511,t,total,t,
1693,2j3kl-SPM,8373,5898454.32,t,total,t,
1694,2j3kl-SPM,8051,5908195.523,t,total,t,
1695,2j3kl-SPM,8373,5916474.467,t,total,t,
1696,2j3kl-SPM,16427,5917272.367,t,total,t,
1697,2j3kl-SPM,11594,5913963.029,t,total,t,
1698,2j3kl-SPM,62489,5891259.556,t,total,t,
1699,2j3kl-SPM,53147,5870223.659,t,total,t,
1700,2j3kl-SPM,27570,5857614.012,t,total,t,
1701,2j3kl-SPM,24765,5848337.91,t,total,t,
1702,2j3kl-SPM,21960,5852096.583,t,total,t,
1703,2j3kl-SPM,19674,5863289.574,t,total,t,
1704,2j3kl-SPM,17388,5857739.597,t,total,t,
1705,2j3kl-SPM,15101,5874395.104,t,total,t,
1706,2j3kl-SPM,18993,5887192.132,t,total,t,
1707,2j3kl-SPM,22884,5893169.279,t,total,t,
1708,2j3kl-SPM,25651,5885316.609,t,total,t,
1709,2j3kl-SPM,15109,5882665.797,t,total,t,
1710,2j3kl-SPM,23679,5888348.663,t,total,t,
1711,2j3kl-SPM,19776,5891538.946,t,total,t,
1712,2j3kl-SPM,11694,5884777.155,t,total,t,
1713,2j3kl-SPM,20522,5895326.177,t,total,t,
1714,2j3kl-SPM,21590,5896244.185,t,total,t,
1715,2j3kl-SPM,17378,5892558.501,t,total,t,
1716,2j3kl-SPM,15209,5899515.021,t,total,t,
1717,2j3kl-SPM,26153,5893670.41,t,total,t,
1718,2j3kl-SPM,21303,5894835.852,t,total,t,
1719,2j3kl-SPM,20684,5893697.342,t,total,t,
1720,2j3kl-SPM,17015,5900810.76,t,total,t,
1721,2j3kl-SPM,19206,5903151.799,t,total,t,
1722,2j3kl-SPM,21397,5908055.196,t,total,t,
1723,2j3kl-SPM,23589,5901196.799,t,total,t,
1724,2j3kl-SPM,22036,5905556.649,t,total,t,
1725,2j3kl-SPM,23136,5900139.811,t,total,t,
1726,2j3kl-SPM,30688,5893945.437,t,total,t,
1727,2j3kl-SPM,29675,5888929.247,t,total,t,
1728,2j3kl-SPM,28289,5883714.683,t,total,t,
1729,2j3kl-SPM,26904,5877275.504,t,total,t,
1730,2j3kl-SPM,46829,5869828.576,t,total,t,
1731,2j3kl-SPM,50631,5856849.101,t,total,t,
1732,2j3kl-SPM,50295,5845086.25,t,total,t,
1733,2j3kl-SPM,50570,5828555.339,t,total,t,
1734,2j3kl-SPM,49738,5819358.768,t,total,t,
1735,2j3kl-SPM,49561,5815239.978,t,total,t,
1736,2j3kl-SPM,46229,5798645.571,t,total,t,
1737,2j3kl-SPM,52819,5798551.686,t,total,t,
1738,2j3kl-SPM,59410,5793918.947,t,total,t,
1739,2j3kl-SPM,66328,5788408.895,t,total,t,
1740,2j3kl-SPM,46094,5781782.881,t,total,t,
1741,2j3kl-SPM,57446,5784587.293,t,total,t,
1742,2j3kl-SPM,49737,5775698.104,t,total,t,
1743,2j3kl-SPM,42027,5780553.738,t,total,t,
1744,2j3kl-SPM,44130,5785240.603,t,total,t,
1745,2j3kl-SPM,46233,5786183.532,t,total,t,
1746,2j3kl-SPM,48422,5786233.052,t,total,t,
1747,2j3kl-SPM,62175,5781500.669,t,total,t,
1748,2j3kl-SPM,75928,5764438.601,t,total,t,
1749,2j3kl-SPM,88793,5749202.777,t,total,t,
1750,2j3kl-SPM,80790,5720754.816,t,total,t,
1751,2j3kl-SPM,68907,5710189.581,t,total,t,
1752,2j3kl-SPM,89496,5695422.16,t,total,t,
1753,2j3kl-SPM,72965,5687869.715,t,total,t,
1754,2j3kl-SPM,73654,5689316.586,t,total,t,
1755,2j3kl-SPM,60362,5691839.785,t,total,t,
1756,2j3kl-SPM,54590,5697220.797,t,total,t,
1757,2j3kl-SPM,48819,5715505.173,t,total,t,
1758,2j3kl-SPM,55736,5730701.025,t,total,t,
1759,2j3kl-SPM,62652,5742914.884,t,total,t,
1760,2j3kl-SPM,69569,5748738.642,t,total,t,
1761,2j3kl-SPM,76485,5741720.449,t,total,t,
1762,2j3kl-SPM,83401,5726203.416,t,total,t,
1763,2j3kl-SPM,90318,5707556.504,t,total,t,
1764,2j3kl-SPM,97234,5687251.027,t,total,t,
1765,2j3kl-SPM,92191,5660354.114,t,total,t,
1766,2j3kl-SPM,103712,5649649.691,t,total,t,
1767,2j3kl-SPM,104951,5626221.18,t,total,t,
1768,2j3kl-SPM,102924,5612033.931,t,total,t,
1769,2j3kl-SPM,100895,5603376.349,t,total,t,
1770,2j3kl-SPM,112469,5587505.061,t,total,t,
1771,2j3kl-SPM,111192,5568764.203,t,total,t,
1772,2j3kl-SPM,130617,5559661.404,t,total,t,
1773,2j3kl-SPM,132966,5539352.672,t,total,t,
1774,2j3kl-SPM,120763,5520296.97,t,total,t,
1775,2j3kl-SPM,117880,5501271.989,t,total,t,
1776,2j3kl-SPM,96301,5514637.61,t,total,t,
1777,2j3kl-SPM,79347,5523400.326,t,total,t,
1778,2j3kl-SPM,62394,5553205.984,t,total,t,
1779,2j3kl-SPM,66672,5587101.263,t,total,t,
1780,2j3kl-SPM,70949,5607099.685,t,total,t,
1781,2j3kl-SPM,75227,5625577.308,t,total,t,
1782,2j3kl-SPM,79505,5637839.796,t,total,t,
1783,2j3kl-SPM,83783,5638906.599,t,total,t,
1784,2j3kl-SPM,88061,5646880.387,t,total,t,
1785,2j3kl-SPM,103301,5638006.787,t,total,t,
1786,2j3kl-SPM,119672,5621664.888,t,total,t,
1787,2j3kl-SPM,132704,5584092.378,t,total,t,
1788,2j3kl-SPM,162518,5551673.904,t,total,t,
1789,2j3kl-SPM,126529,5514828.592,t,total,t,
1790,2j3kl-SPM,112382,5494027.944,t,total,t,
1791,2j3kl-SPM,87136,5496966.669,t,total,t,
1792,2j3kl-SPM,92352,5509653.399,t,total,t,
1793,2j3kl-SPM,92756,5532621.244,t,total,t,
1794,2j3kl-SPM,93160,5545612.568,t,total,t,
1795,2j3kl-SPM,93564,5544311.132,t,total,t,
1796,2j3kl-SPM,93968,5566028.145,t,total,t,
1797,2j3kl-SPM,94372,5569091.301,t,total,t,
1798,2j3kl-SPM,94776,5568406.84,t,total,t,
1799,2j3kl-SPM,95180,5571263.979,t,total,t,
1800,2j3kl-SPM,95584,5569456.656,t,total,t,
1801,2j3kl-SPM,95988,5566744.63,t,total,t,
1802,2j3kl-SPM,96392,5571202.714,t,total,t,
1803,2j3kl-SPM,96796,5572409.664,t,total,t,
1804,2j3kl-SPM,97200,5565744.97,t,total,t,
1805,2j3kl-SPM,92400,5572540.083,t,total,t,
1806,2j3kl-SPM,110800,5567540.902,t,total,t,
1807,2j3kl-SPM,98800,5568596.17,t,total,t,
1808,2j3kl-SPM,86800,5568199.688,t,total,t,
1809,2j3kl-SPM,115600,5574349.462,t,total,t,
1810,2j3kl-SPM,125200,5555777.712,t,total,t,
1811,2j3kl-SPM,130000,5527498.256,t,total,t,
1812,2j3kl-SPM,104400,5518161.59,t,total,t,
1813,2j3kl-SPM,126000,5517369.29,t,total,t,
1814,2j3kl-SPM,133200,5500955.941,t,total,t,
1815,2j3kl-SPM,150000,5485646.976,t,total,t,
1816,2j3kl-SPM,145200,5461827.577,t,total,t,
1817,2j3kl-SPM,142800,5440932.764,t,total,t,
1818,2j3kl-SPM,141200,5425616.708,t,total,t,
1819,2j3kl-SPM,130800,5414625.441,t,total,t,
1820,2j3kl-SPM,128400,5420322.598,t,total,t,
1821,2j3kl-SPM,128400,5418982.054,t,total,t,
1822,2j3kl-SPM,126000,5421210.134,t,total,t,
1823,2j3kl-SPM,124400,5426002.653,t,total,t,
1824,2j3kl-SPM,126000,5425576.277,t,total,t,
1825,2j3kl-SPM,138000,5422720.606,t,total,t,
1826,2j3kl-SPM,137200,5418044.98,t,total,t,
1827,2j3kl-SPM,129200,5418742.807,t,total,t,
1828,2j3kl-SPM,129200,5417503.429,t,total,t,
1829,2j3kl-SPM,132400,5421276.575,t,total,t,
1830,2j3kl-SPM,135600,5421932.558,t,total,t,
1831,2j3kl-SPM,112400,5424890.33,t,total,t,
1832,2j3kl-SPM,95600,5436876.6,t,total,t,
1833,2j3kl-SPM,104400,5460089.19,t,total,t,
1834,2j3kl-SPM,119600,5472866.679,t,total,t,
1835,2j3kl-SPM,108400,5482698.144,t,total,t,
1836,2j3kl-SPM,126000,5474035.814,t,total,t,
1837,2j3kl-SPM,118000,5476037.49,t,total,t,
1838,2j3kl-SPM,110800,5475138.801,t,total,t,
1839,2j3kl-SPM,128400,5459818.28,t,total,t,
1840,2j3kl-SPM,134800,5456648.223,t,total,t,
1841,2j3kl-SPM,146000,5440259.586,t,total,t,
1842,2j3kl-SPM,146000,5417940.412,t,total,t,
1843,2j3kl-SPM,138000,5402641.795,t,total,t,
1844,2j3kl-SPM,127600,5395373.26,t,total,t,
1845,2j3kl-SPM,146000,5389828.89,t,total,t,
1846,2j3kl-SPM,131600,5391347.385,t,total,t,
1847,2j3kl-SPM,126800,5399985.911,t,total,t,
1848,2j3kl-SPM,137200,5399921.305,t,total,t,
1849,2j3kl-SPM,168400,5385838.817,t,total,t,
1850,2j3kl-SPM,158000,5371820.786,t,total,t,
1851,2j3kl-SPM,125000,5355091.849,t,total,t,
1852,2j3kl-SPM,119000,5371443.582,t,total,t,
1853,2j3kl-SPM,117000,5392127.572,t,total,t,
1854,2j3kl-SPM,104000,5409637.802,t,total,t,
1855,2j3kl-SPM,131000,5422370.905,t,total,t,
1856,2j3kl-SPM,151000,5422278.221,t,total,t,
1857,2j3kl-SPM,169000,5398170.498,t,total,t,
1858,2j3kl-SPM,134000,5383578.476,t,total,t,
1859,2j3kl-SPM,154000,5374880.384,t,total,t,
1860,2j3kl-SPM,166000,5366481.075,t,total,t,
1861,2j3kl-SPM,156000,5354917.886,t,total,t,
1862,2j3kl-SPM,158000,5339341.526,t,total,t,
1863,2j3kl-SPM,130000,5334825.561,t,total,t,
1864,2j3kl-SPM,130000,5348288.119,t,total,t,
1865,2j3kl-SPM,126000,5361951.813,t,total,t,
1866,2j3kl-SPM,117000,5371144.736,t,total,t,
1867,2j3kl-SPM,130000,5387414.124,t,total,t,
1868,2j3kl-SPM,121000,5411698.71,t,total,t,
1869,2j3kl-SPM,130000,5410178.761,t,total,t,
1870,2j3kl-SPM,144000,5401556.832,t,total,t,
1871,2j3kl-SPM,155000,5383645.855,t,total,t,
1872,2j3kl-SPM,155000,5384163.369,t,total,t,
1873,2j3kl-SPM,152000,5357423.004,t,total,t,
1874,2j3kl-SPM,171000,5326437.747,t,total,t,
1875,2j3kl-SPM,222000,5303096.736,t,total,t,
1876,2j3kl-SPM,170000,5263210.495,t,total,t,
1877,2j3kl-SPM,158000,5247441.499,t,total,t,
1878,2j3kl-SPM,161000,5240081.681,t,total,t,
1879,2j3kl-SPM,204000,5230915.446,t,total,t,
1880,2j3kl-SPM,206000,5207006.563,t,total,t,
1881,2j3kl-SPM,220000,5186265.412,t,total,t,
1882,2j3kl-SPM,206000,5153450.15,t,total,t,
1883,2j3kl-SPM,223000,5131966.24,t,total,t,
1884,2j3kl-SPM,222000,5104699.09,t,total,t,
1885,2j3kl-SPM,204000,5076894.852,t,total,t,
1886,2j3kl-SPM,216000,5069770.021,t,total,t,
1887,2j3kl-SPM,191000,5064352.653,t,total,t,
1888,2j3kl-SPM,185000,5064487.266,t,total,t,
1889,2j3kl-SPM,173000,5069892.482,t,total,t,
1890,2j3kl-SPM,170000,5090199.95,t,total,t,
1891,2j3kl-SPM,181000,5112029.89,t,total,t,
1892,2j3kl-SPM,163000,5136017.455,t,total,t,
1893,2j3kl-SPM,165000,5152646.838,t,total,t,
1894,2j3kl-SPM,170000,5167130.887,t,total,t,
1895,2j3kl-SPM,196000,5172068.708,t,total,t,
1896,2j3kl-SPM,188000,5166667.666,t,total,t,
1897,2j3kl-SPM,190000,5151570.641,t,total,t,
1898,2j3kl-SPM,200000,5139964.92,t,total,t,
1899,2j3kl-SPM,217000,5117522.456,t,total,t,
1900,2j3kl-SPM,206000,5090181.077,t,total,t,
1901,2j3kl-SPM,219000,5074839.568,t,total,t,
1902,2j3kl-SPM,222000,5045582.403,t,total,t,
1903,2j3kl-SPM,211000,5035979.792,t,total,t,
1904,2j3kl-SPM,191000,5024027.757,t,total,t,
1905,2j3kl-SPM,222000,5027745.284,t,total,t,
1906,2j3kl-SPM,216000,5020645.313,t,total,t,
1907,2j3kl-SPM,234000,5011765.477,t,total,t,
1908,2j3kl-SPM,273000,4976756.382,t,total,t,
1909,2j3kl-SPM,261000,4933731.235,t,total,t,
1910,2j3kl-SPM,238000,4899664.038,t,total,t,
1911,2j3kl-SPM,226000,4894322.965,t,total,t,
1912,2j3kl-SPM,220000,4888397.563,t,total,t,
1913,2j3kl-SPM,211000,4900605.299,t,total,t,
1914,2j3kl-SPM,182000,4924874.094,t,total,t,
1915,2j3kl-SPM,215000,4934299.378,t,total,t,
1916,2j3kl-SPM,224000,4935798.67,t,total,t,
1917,2j3kl-SPM,253000,4912783.582,t,total,t,
1918,2j3kl-SPM,236000,4888820.935,t,total,t,
1919,2j3kl-SPM,265000,4867621.482,t,total,t,
1920,2j3kl-SPM,222000,4848111.981,t,total,t,
1921,2j3kl-SPM,250000,4850560.519,t,total,t,
1922,2j3kl-SPM,249000,4829031.611,t,total,t,
1923,2j3kl-SPM,239000,4826901.807,t,total,t,
1924,2j3kl-SPM,223000,4825581.613,t,total,t,
1925,2j3kl-SPM,256000,4821049.991,t,total,t,
1926,2j3kl-SPM,289000,4790281.973,t,total,t,
1927,2j3kl-SPM,278000,4767136.801,t,total,t,
1928,2j3kl-SPM,250000,4746016.246,t,total,t,
1929,2j3kl-SPM,245000,4730418.325,t,total,t,
1930,2j3kl-SPM,241000,4735418.412,t,total,t,
1931,2j3kl-SPM,216000,4756890.751,t,total,t,
1932,2j3kl-SPM,227000,4775645.507,t,total,t,
1933,2j3kl-SPM,250000,4793192.729,t,total,t,
1934,2j3kl-SPM,268000,4781980.585,t,total,t,
1935,2j3kl-SPM,260000,4769051.147,t,total,t,
1936,2j3kl-SPM,261000,4750851.205,t,total,t,
1937,2j3kl-SPM,225000,4742236.742,t,total,t,
1938,2j3kl-SPM,277000,4742858.188,t,total,t,
1939,2j3kl-SPM,203000,4754731.388,t,total,t,
1940,2j3kl-SPM,190000,4779916.222,t,total,t,
1941,2j3kl-SPM,184000,4826781.817,t,total,t,
1942,2j3kl-SPM,165000,4876557.821,t,total,t,
1943,2j3kl-SPM,209000,4906971.925,t,total,t,
1944,2j3kl-SPM,225000,4932253.956,t,total,t,
1945,2j3kl-SPM,257000,4928992.965,t,total,t,
1946,2j3kl-SPM,252000,4894714.188,t,total,t,
1947,2j3kl-SPM,287000,4863025,t,total,t,
1948,2j3kl-SPM,268000,4823842.706,t,total,t,
1949,2j3kl-SPM,280000,4777017.842,t,total,t,
1950,2j3kl-SPM,272000,4741603.214,t,total,t,
1951,2j3kl-SPM,272000,4714868.285,t,total,t,
1952,2j3kl-SPM,265000,4687120.998,t,total,t,
1953,2j3kl-SPM,238000,4677352.829,t,total,t,
1954,2j3kl-SPM,315843,4661148.973,t,total,t,
1955,2j3kl-SPM,232858,4637108.969,t,total,t,
1956,2j3kl-SPM,263210,4637018.118,t,total,t,
1957,2j3kl-SPM,254456,4635391.557,t,total,t,
1958,2j3kl-SPM,206710,4629168.303,t,total,t,
1959,2j3kl-SPM,359572,4595419.807,t,total,t,
1960,2j3kl-SPM,467802,4498982.271,t,total,t,
1961,2j3kl-SPM,505105,4315614.333,t,total,t,
1962,2j3kl-SPM,507026,4109550.613,t,total,t,
1963,2j3kl-SPM,509209,3901054.404,t,total,t,
1964,2j3kl-SPM,602651,3685451.332,t,total,t,
1965,2j3kl-SPM,545035,3465845.457,t,total,t,
1966,2j3kl-SPM,524505,3256232.737,t,total,t,
1967,2j3kl-SPM,611764,3030290.123,t,total,t,
1968,2j3kl-SPM,810014,2749207.246,t,total,t,
1969,2j3kl-SPM,753690,2401392.204,t,total,t,
1970,2j3kl-SPM,520226,2072140.575,t,total,t,
1971,2j3kl-SPM,439518,1828596.229,t,total,t,
1972,2j3kl-SPM,458295,1650738.503,t,total,t,
1973,2j3kl-SPM,354509,1512024.272,t,total,t,
1974,2j3kl-SPM,372650,1392311.027,t,total,t,
1975,2j3kl-SPM,287508,1287435.548,t,total,t,
1976,2j3kl-SPM,214220,1208154.585,t,total,t,
1977,2j3kl-SPM,172720,1166923.234,t,total,t,
1978,2j3kl-SPM,138559,1161298.024,t,total,t,
1979,2j3kl-SPM,166899,1177744.715,t,total,t,
1980,2j3kl-SPM,175788,1195411.838,t,total,t,
1981,2j3kl-SPM,170748,1209748.028,t,total,t,
1982,2j3kl-SPM,229774,1212812.193,t,total,t,
1983,2j3kl-SPM,232345,1198399.027,t,total,t,
1984,2j3kl-SPM,232471,1164722.988,t,total,t,
1985,2j3kl-SPM,231293,1113040.872,t,total,t,
1986,2j3kl-SPM,266713,1044372.557,t,total,t,
1987,2j3kl-SPM,239924,948423.2739,t,total,t,
1988,2j3kl-SPM,268677,825195.013,t,total,t,
1989,2j3kl-SPM,253990,672910.4867,t,total,t,
1990,2j3kl-SPM,219452,499809.7495,t,total,t,
1991,2j3kl-SPM,172012,331879.2716,t,total,t,
1992,2j3kl-SPM,40956,201702.0246,t,total,t,
1993,2j3kl-SPM,11392,131079.4262,t,total,t,
1994,2j3kl-SPM,1314,104684.8426,t,total,t,
1995,2j3kl-SPM,413,98611.88212,t,total,t,
1996,2j3kl-SPM,1875,98819.53821,t,total,t,
1997,2j3kl-SPM,877,100389.6421,t,total,t,
1998,2j3kl-SPM,4507,101290.1397,t,total,t,
1999,2j3kl-SPM,8526,100435.4046,t,total,t,
2000,2j3kl-SPM,5430,98516.32348,t,total,t,
2001,2j3kl-SPM,6969,96278.91572,t,total,t,
2002,2j3kl-SPM,4249,94710.80748,t,total,t,
2003,2j3kl-SPM,994,94719.38858,t,total,t,
2004,2j3kl-SPM,649,96657.42731,t,total,t,
2005,2j3kl-SPM,1331,99716.71261,t,total,t,
2006,2j3kl-SPM,2701,102985.7019,t,total,t,
2007,2j3kl-SPM,2931,106048.9902,t,total,t,
2008,2j3kl-SPM,3385,108322.269,t,total,t,
2009,2j3kl-SPM,3116,110673.1065,t,total,t,
2010,2j3kl-SPM,2962,112599.6191,t,total,t,
2011,2j3kl-SPM,3770,114708.6291,t,total,t,
2012,2j3kl-SPM,3871,116476.2543,t,total,t,
2013,2j3kl-SPM,4506,118193.6286,t,total,t,
2014,2j3kl-SPM,4870,119238.4414,t,total,t,
2015,2j3kl-SPM,4436,119063.9988,t,total,t,
2016,2j3kl-SPM,6916,117637.712,t,total,t,
2017,2j3kl-SPM,13013,113015.0914,t,total,t,
2018,2j3kl-SPM,11000,105980.6166,t,total,t,
2019,2j3kl-SPM,10559,97499.26239,t,total,t,
1950,4tvn,34708.1,513474.2,t,2+,t,
1951,4tvn,26751.3,530181.7,t,2+,t,
1952,4tvn,38310.1,560589.3,t,2+,t,
1953,4tvn,54465.4,574591.3,t,2+,t,
1954,4tvn,84789.2,565002,t,2+,t,
1955,4tvn,82367.4,531788.3,t,2+,t,
1956,4tvn,104958,525201.6,t,2+,t,
1957,4tvn,87721.1,501713.5,t,2+,t,
1958,4tvn,113143,492730.9,t,2+,t,
1959,4tvn,115269,455024.9,t,2+,t,
1960,4tvn,62464.7,400514.39,t,2+,t,
1961,4tvn,63250.7,388379.4,t,2+,t,
1962,4tvn,46197.1,390390.43,t,2+,t,
1963,4tvn,65790.4,363398.1,t,2+,t,
1964,4tvn,52730.8,288001.4,t,2+,t,
1965,4tvn,63738.6,264209.5,t,2+,t,
1966,4tvn,49493,241860.8,t,2+,t,
1967,4tvn,38771.8,248813.65,t,2+,t,
1968,4tvn,42240.1,264910.44,t,2+,t,
1969,4tvn,41614.6,277949.6,t,2+,t,
1970,4tvn,64466.2,280787.16,t,2+,t,
1971,4tvn,56662.1,240246.71,t,2+,t,
1972,4tvn,66295.8,223910,t,2+,t,
1973,4tvn,51665.4,196883.27,t,2+,t,
1974,4tvn,50316.2,181863.85,t,2+,t,
1975,4tvn,42871.3,188506.27,t,2+,t,
1976,4tvn,37203.8,209252.64,t,2+,t,
1977,4tvn,26824.7,292269.55,t,2+,t,
1978,4tvn,38917.4,401065.26,t,2+,t,
1979,4tvn,57650.6,450524.83,t,2+,t,
1980,4tvn,56922.5,453527,t,2+,t,
1981,4tvn,66952.7,484179.64,t,2+,t,
1982,4tvn,61567.9,494522.87,t,2+,t,
1983,4tvn,63918.2,511449.19,t,2+,t,
1984,4tvn,57405.7,457150.08,t,2+,t,
1985,4tvn,63663.5,461031.51,t,2+,t,
1986,4tvn,68551.8,434526.06,t,2+,t,
1987,4tvn,54323.2,374708.43,t,2+,t,
1988,4tvn,55573,336678.31,t,2+,t,
1989,4tvn,57239.3,303838.74,t,2+,t,
1990,4tvn,57593.4,266969.6,t,2+,t,
1991,4tvn,49441.4,223888.05,t,2+,t,
1992,4tvn,41035.5,178195.19,t,2+,t,
1993,4tvn,5313.1,149703.707,t,2+,t,
1994,4tvn,1339.7,151441.52,t,2+,t,
1995,4tvn,1014.6,152832.98,t,2+,t,
1996,4tvn,1118.7,167344.78,t,2+,t,
1997,4tvn,1737.5,173948.9,t,2+,t,
1998,4tvn,2685.5,170468.91,t,2+,t,
1999,4tvn,6166.6,169424.06,t,2+,t,
2000,4tvn,6057.9,164266.98,t,2+,t,
2001,4tvn,6320.2,160077.6,t,2+,t,
2002,4tvn,5117.9,137373.17,t,2+,t,
2003,4tvn,287.6,126779.68,t,2+,t,
2004,4tvn,2312,119552.53,t,2+,t,
2005,4tvn,2850.5,106616.34,t,2+,t,
2006,4tvn,3024,93778.63,t,2+,t,
2007,4tvn,1465.1,80597.6,t,2+,t,
2008,4tvn,1646.3,63282.84,t,2+,t,
2009,4tvn,149.1,50644.422,t,2+,t,
2010,4tvn,103,47814.454,t,2+,t,
2011,4tvn,114.3,42914.776,t,2+,t,
2012,4tvn,171.7,42524.672,t,2+,t,
2013,4tvn,111.2,39182.082,t,2+,t,
2014,4tvn,113.7,41264.571,t,2+,t,
2015,4tvn,104.4,40397.16,t,2+,t,
2016,4tvn,115.1,35882.687,t,2+,t,
2017,4tvn,58.7,29448.906,t,2+,t,
2018,4tvn,61,22104.862,t,2+,t,
2019,4tvn,54,21186.566,t,2+,t,
2020,4tvn,61,23261.427,t,2+,t,
2021,4tvn,87,24175.138,t,2+,t,
2022,4tvn,110,22051.383,t,2+,t,
2023,4tvn,70,18158.9256,t,2+,t,
1917,4tvn-SPM,38342.99068,633122.2459,t,2+,t,
1918,4tvn-SPM,37301.60387,630372.6068,t,2+,t,
1919,4tvn-SPM,33352.17873,626302.2667,t,2+,t,
1920,4tvn-SPM,27693.03722,619152.4399,t,2+,t,
1921,4tvn-SPM,25786.37201,623858.3433,t,2+,t,
1922,4tvn-SPM,27868.74171,623012.5753,t,2+,t,
1923,4tvn-SPM,30314.47248,629675.826,t,2+,t,
1924,4tvn-SPM,31863.89816,625587.1937,t,2+,t,
1925,4tvn-SPM,32414.33892,621181.1677,t,2+,t,
1926,4tvn-SPM,31748.36822,620462.8432,t,2+,t,
1927,4tvn-SPM,31110.30664,622309.4114,t,2+,t,
1928,4tvn-SPM,31640.07692,623599.5658,t,2+,t,
1929,4tvn-SPM,32588.12862,626036.4027,t,2+,t,
1930,4tvn-SPM,32695.5195,622580.2218,t,2+,t,
1931,4tvn-SPM,30975.49962,622181.9374,t,2+,t,
1932,4tvn-SPM,28821.58468,622390.8529,t,2+,t,
1933,4tvn-SPM,27909.46531,624963.0564,t,2+,t,
1934,4tvn-SPM,27715.85962,626624.8898,t,2+,t,
1935,4tvn-SPM,27717.97361,630485.4695,t,2+,t,
1936,4tvn-SPM,27813.89071,633319.6581,t,2+,t,
1937,4tvn-SPM,27176.56717,636719.4556,t,2+,t,
1938,4tvn-SPM,26381.2752,639550.6084,t,2+,t,
1939,4tvn-SPM,27211.88344,645870.77,t,2+,t,
1940,4tvn-SPM,29500.64294,652750.707,t,2+,t,
1941,4tvn-SPM,32329.89658,655338.7578,t,2+,t,
1942,4tvn-SPM,35715.61119,660638.9196,t,2+,t,
1943,4tvn-SPM,39266.10572,655707.961,t,2+,t,
1944,4tvn-SPM,43511.44144,656443.2125,t,2+,t,
1945,4tvn-SPM,48417.22701,651139.4574,t,2+,t,
1946,4tvn-SPM,49808.96242,643358.0841,t,2+,t,
1947,4tvn-SPM,46546.68587,636943.9808,t,2+,t,
1948,4tvn-SPM,44137.45155,634810.2378,t,2+,t,
1949,4tvn-SPM,43920.19654,638007.0825,t,2+,t,
1950,4tvn-SPM,42531.98245,641278.2556,t,2+,t,
1951,4tvn-SPM,41743.94222,646208.2468,t,2+,t,
1952,4tvn-SPM,46329.31653,660592.1766,t,2+,t,
1953,4tvn-SPM,55081.14069,664421.8808,t,2+,t,
1954,4tvn-SPM,64314.53082,662081.3052,t,2+,t,
1955,4tvn-SPM,75525.93274,652743.6172,t,2+,t,
1956,4tvn-SPM,86435.68718,631570.9763,t,2+,t,
1957,4tvn-SPM,88695.9343,601824.66,t,2+,t,
1958,4tvn-SPM,82780.50418,564371.7303,t,2+,t,
1959,4tvn-SPM,74612.34863,533347.1996,t,2+,t,
1960,4tvn-SPM,68823.18245,510194.8826,t,2+,t,
1961,4tvn-SPM,66802.46877,491784.7647,t,2+,t,
1962,4tvn-SPM,66799.86217,471631.3455,t,2+,t,
1963,4tvn-SPM,66173.58686,448007.1293,t,2+,t,
1964,4tvn-SPM,64021.3419,417080.2722,t,2+,t,
1965,4tvn-SPM,60765.47998,388394.526,t,2+,t,
1966,4tvn-SPM,55469.599,359365.4345,t,2+,t,
1967,4tvn-SPM,50449.58471,331031.9824,t,2+,t,
1968,4tvn-SPM,49998.65773,306975.1746,t,2+,t,
1969,4tvn-SPM,54034.18876,277725.1492,t,2+,t,
1970,4tvn-SPM,58961.46081,239611.7674,t,2+,t,
1971,4tvn-SPM,61444.71765,190740.9935,t,2+,t,
1972,4tvn-SPM,60405.61868,179375.2052,t,2+,t,
1973,4tvn-SPM,55565.0954,164551.5616,t,2+,t,
1974,4tvn-SPM,49394.2617,152209.7821,t,2+,t,
1975,4tvn-SPM,43272.0661,137579.4402,t,2+,t,
1976,4tvn-SPM,37676.53823,150044.4405,t,2+,t,
1977,4tvn-SPM,36199.04726,189885.2269,t,2+,t,
1978,4tvn-SPM,42086.57993,256905.204,t,2+,t,
1979,4tvn-SPM,51432.19623,319883.6226,t,2+,t,
1980,4tvn-SPM,58501.44399,375480.6514,t,2+,t,
1981,4tvn-SPM,62182.80263,446056.0923,t,2+,t,
1982,4tvn-SPM,62903.62111,424553.5948,t,2+,t,
1983,4tvn-SPM,62090.78823,368412.0906,t,2+,t,
1984,4tvn-SPM,61781.95561,341851.7921,t,2+,t,
1985,4tvn-SPM,62797.97097,383692.3231,t,2+,t,
1986,4tvn-SPM,62304.89305,355836.1001,t,2+,t,
1987,4tvn-SPM,59155.29455,313975.2192,t,2+,t,
1988,4tvn-SPM,56908.28009,334842.4577,t,2+,t,
1989,4tvn-SPM,56227.37086,280226.3932,t,2+,t,
1990,4tvn-SPM,53818.64472,209860.6816,t,2+,t,
1991,4tvn-SPM,46476.80319,158130.4187,t,2+,t,
1992,4tvn-SPM,32672.77831,109269.9872,t,2+,t,
1993,4tvn-SPM,16266.21332,98098.24507,t,2+,t,
1994,4tvn-SPM,5530.700629,95108.31905,t,2+,t,
1995,4tvn-SPM,1912.1275,101492.0083,t,2+,t,
1996,4tvn-SPM,1492.602664,112277.293,t,2+,t,
1997,4tvn-SPM,2125.780481,106998.1716,t,2+,t,
1998,4tvn-SPM,3435.167056,106158.4377,t,2+,t,
1999,4tvn-SPM,4900.019618,109568.3908,t,2+,t,
2000,4tvn-SPM,5611.633531,102186.3048,t,2+,t,
2001,4tvn-SPM,5264.324547,99221.95912,t,2+,t,
2002,4tvn-SPM,3979.44727,108032.2703,t,2+,t,
2003,4tvn-SPM,2589.949438,91555.60668,t,2+,t,
2004,4tvn-SPM,2233.636257,81968.55876,t,2+,t,
2005,4tvn-SPM,2491.386703,59363.83258,t,2+,t,
2006,4tvn-SPM,2408.763996,59304.96723,t,2+,t,
2007,4tvn-SPM,1888.261451,55461.78369,t,2+,t,
2008,4tvn-SPM,1238.555716,53843.8033,t,2+,t,
2009,4tvn-SPM,621.6582179,47468.55042,t,2+,t,
2010,4tvn-SPM,247.3009914,33900.60368,t,2+,t,
2011,4tvn-SPM,142.8941538,24851.8255,t,2+,t,
2012,4tvn-SPM,134.4803323,25001.41362,t,2+,t,
2013,4tvn-SPM,126.2632638,37064.53764,t,2+,t,
2014,4tvn-SPM,114.9905077,34302.2385,t,2+,t,
2015,4tvn-SPM,106.9331768,31648.90516,t,2+,t,
2016,4tvn-SPM,94.82340514,24242.41059,t,2+,t,
2017,4tvn-SPM,77.62512352,16411.76871,t,2+,t,
2018,4tvn-SPM,65.44720511,16550.53001,t,2+,t,
2019,4tvn-SPM,53.327,16970.46971,t,2+,t,
2020,4tvn-SPM,58.484,25674.62502,t,2+,t,
2021,4tvn-SPM,83.553,32887.92565,t,2+,t,
2022,4tvn-SPM,112.727,31368.41712,t,2+,t,
2023,4tvn-SPM,30.936,19672.43055,t,2+,t,
1958,4vsw,43954.24837,252090.62,,,,
1959,4vsw,67647.05882,268092.2099,,,,
1960,4vsw,47222.22222,272551.6693,,,,
1961,4vsw,61928.10458,288028.6169,,,,
1962,4vsw,65686.27451,293275.0397,,,,
1963,4vsw,80228.75817,301669.3164,,,,
1964,4vsw,74183.00654,291176.4706,,,,
1965,4vsw,96078.43137,271764.7059,,,,
1966,4vsw,76143.79085,234515.1033,,,,
1967,4vsw,56209.15033,230317.965,,,,
1968,4vsw,85130.71895,218513.5135,,,,
1969,4vsw,54411.76471,223104.1335,,,,
1970,4vsw,81535.94771,280814.7854,,,,
1971,4vsw,54411.76471,221136.725,,,,
1972,4vsw,70098.03922,235039.7456,,,,
1973,4vsw,64542.48366,197265.5008,,,,
1974,4vsw,46568.62745,174705.8824,,,,
1975,4vsw,48529.41176,153195.5485,,,,
1976,4vsw,26307.18954,141391.097,,,,
1977,4vsw,12091.50327,180739.2687,,,,
1978,4vsw,28104.57516,224546.8998,,,,
1979,4vsw,40359.47712,212480.1272,,,,
1980,4vsw,46895.42484,259872.814,,,,
1981,4vsw,53431.37255,311899.841,,,,
1982,4vsw,48202.61438,310588.2353,,,,
1983,4vsw,51143.79085,343378.3784,,,,
1984,4vsw,48366.01307,329650.2385,,,,
1985,4vsw,50816.99346,285580.2862,,,,
1986,4vsw,44771.24183,241860.0954,,,,
1987,4vsw,41013.0719,199538.9507,,,,
1988,4vsw,35620.91503,171558.0286,,,,
1989,4vsw,36274.5098,169459.4595,,,,
1990,4vsw,34640.52288,139817.1701,,,,
1991,4vsw,22058.82353,104578.6963,,,,
1992,4vsw,24019.60784,67416.53418,,,,
1993,4vsw,3267.973856,45119.23688,,,,
1994,4vsw,163.3986928,45643.87917,,,,
1995,4vsw,130.7189542,38823.52941,,,,
1996,4vsw,98.03921564,33577.10652,,,,
1997,4vsw,65.35947705,30429.25278,,,,
1998,4vsw,32.67973846,26232.11447,,,,
1999,4vsw,0,25182.82989,,,,
2000,4vsw,0,26756.75676,,,,
2001,4vsw,0,22559.61844,,,,
2002,4vsw,0,26756.75676,,,,
2003,4vsw,0,21510.33386,,,,
2004,4vsw,0,23608.90302,,,,
2005,4vsw,0,38823.52941,,,,
2006,4vsw,0,51414.94436,,,,
2007,4vsw,0,71351.35135,,,,
2008,4vsw,0,88139.90461,,,,
2009,4vsw,0,94435.61208,,,,
1978,GB,19202.23276,32294,,,,
1979,GB,18718.94897,38302,,,,
1980,GB,23740.09365,41707,,,,
1981,GB,24146.31463,39225,,,,
1982,GB,33131.44397,36412,,,,
1983,GB,28179.87663,31786,,,,
1984,GB,22735.19253,28618,,,,
1985,GB,22270.80277,24889,,,,
1986,GB,16950.04413,20304,,,,
1987,GB,21042.89332,21247,,,,
1988,GB,26256.27145,25854,,,,
1989,GB,18825.84539,26355,,,,
1990,GB,26126.39601,32637,,,,
1991,GB,25275.38696,27907,,,,
1992,GB,20519.171,20745,,,,
1993,GB,16472.519,15236,,,,
1994,GB,9596.661,11029,,,,
1995,GB,3397.6449,12663,,,,
1996,GB,4581.9759,17294,,,,
1997,GB,6309.9482,14110,,,,
1998,GB,4965.1653,12116,,,,
1999,GB,5108.7931,12712,,,,
2000,GB,4157.7968,12339,,,,
2001,GB,6071.3983,14098,,,,
2002,GB,5512.7177,15329,,,,
2003,GB,5231.2231,13120,,,,
2004,GB,3101.8705,11152,,,,
2005,GB,2471.0825,11496,,,,
2006,GB,2809.8394,12120,,,,
2007,GB,3389.6699,11566,,,,
2008,GB,3071.846,10445,,,,
2009,GB,3251.4051,9837,,,,
2010,GB,2436.602,8040,,,,
2011,GB,2137.167,5759,,,,
2012,GB,1563.1785,3643,,,,
2013,GB,975.4938,4093,,,,
2014,GB,1309.7588,4528,,,,
2015,GB,1297.5505,4365,,,,
2016,GB,1085.1205,6519,,,,
2017,GB,692.7446,9598,,,,
2018,GB,745.091,9065,,,,
2019,GB,634.4919,5783,,,,
2020,GB,602.6907,3984,,,,
2021,GB,614.9421,3490,,,,
2022,GB,423.2790015,3111,,,,
2023,GB,416.6798264,2668,,,,
1981,EGOM,1590.705392,3415,,,,
1982,EGOM,1869.470505,3262,,,,
1983,EGOM,2045.043765,3016,,,,
1984,EGOM,1799.015084,3136,,,,
1985,EGOM,2229.606555,2950,,,,
1986,EGOM,2160.585434,2664,,,,
1987,EGOM,1696.348156,2155,,,,
1988,EGOM,1011.636415,2631,,,,
1989,EGOM,3340.986181,2649,,,,
1990,EGOM,2613.465449,2590,,,,
1991,EGOM,2666.601911,1836,,,,
1992,EGOM,1262.238304,893,,,,
1993,EGOM,711.1684435,597,,,,
1994,EGOM,589.5255394,501,,,,
1995,EGOM,523.1392,388,,,,
1996,EGOM,394.5232,235,,,,
1997,EGOM,186.2609,120,,,,
1998,EGOM,101.6,95,,,,
1999,EGOM,47.1209,140,,,,
2000,EGOM,104.1,177,,,,
2001,EGOM,122.7,174,,,,
2002,EGOM,85.4352,159,,,,
2003,EGOM,66.718,148,,,,
2004,EGOM,101.1527,150,,,,
2005,EGOM,91.79074524,95,,,,
2006,EGOM,47.539,85,,,,
2007,EGOM,58.5332,70,,,,
2008,EGOM,38.0242,51,,,,
2009,EGOM,29.6104,41,,,,
2010,EGOM,25.7494,32,,,,
2011,EGOM,26.6064,21,,,,
2012,EGOM,10.83182534,20,,,,
2013,EGOM,7.106727712,33,,,,
2014,EGOM,4.475280741,52,,,,
2015,EGOM,2.094936753,68,,,,
2016,EGOM,4.362039575,91,,,,
2017,EGOM,7.592358747,110,,,,
2018,EGOM,2.795365537,137,,,,
2019,EGOM,3.914522077,164,,,,
2020,EGOM,2.82777946,189,,,,
2021,EGOM,1.83782291,211,,,,
2022,EGOM,3.608,244,,,,
2023,EGOM,1.42,267,,,,
1981,SNE,2500.052018,11859,,,,
1982,SNE,6894.521115,12309,,,,
1983,SNE,4173.009551,9383,,,,
1984,SNE,4517.929017,7939,,,,
1985,SNE,2603.139388,6384,,,,
1986,SNE,2502.395857,5821,,,,
1987,SNE,4144.387878,6191,,,,
1988,SNE,8523.345253,9064,,,,
1989,SNE,4005.039095,6602,,,,
1990,SNE,3348.013095,5951,,,,
1991,SNE,3342.412189,5195,,,,
1992,SNE,2402.124868,3820,,,,
1993,SNE,3274.400384,3183,,,,
1994,SNE,1430.888759,2381,,,,
1995,SNE,1968.360808,2464,,,,
1996,SNE,743.8593858,1767,,,,
1997,SNE,2386.144687,2010,,,,
1998,SNE,718.2981215,1313,,,,
1999,SNE,379.6613434,1409,,,,
2000,SNE,1924.303757,1791,,,,
2001,SNE,544.7582564,904,,,,
2002,SNE,318.244726,817,,,,
2003,SNE,495.7971309,857,,,,
2004,SNE,448.1304344,538,,,,
2005,SNE,668.4553776,539,,,,
2006,SNE,170.1119984,339,,,,
2007,SNE,214.1375312,450,,,,
2008,SNE,356.2319835,621,,,,
2009,SNE,355.40813,440,,,,
2010,SNE,484.4345135,494,,,,
2011,SNE,455.2949548,540,,,,
2012,SNE,274.6808138,469,,,,
2013,SNE,175.8183612,450,,,,
2014,SNE,361.8850441,602,,,,
2015,SNE,572.8108147,536,,,,
2016,SNE,1170.352727,674,,,,
2017,SNE,534.78357,560,,,,
2018,SNE,114.6402716,320,,,,
2019,SNE,256.6948214,437,,,,
2020,SNE,209.6418455,285,,,,
2021,SNE,227.8465872,252,,,,
2022,SNE,141.7265997,217,,,,
2023,SNE,277.3221595,289,,,,
1981,WGOM,34294.8,18961,,,,
1982,WGOM,38294.7,23712,,,,
1983,WGOM,34959.4,22590,,,,
1984,WGOM,26728.1,17928,,,,
1985,WGOM,27610.3,12351,,,,
1986,WGOM,20769.5,10691,,,,
1987,WGOM,19483.9,11534,,,,
1988,WGOM,22200.4,12985,,,,
1989,WGOM,23538,17846,,,,
1990,WGOM,32406.3,18152,,,,
1991,WGOM,29884.9,14247,,,,
1992,WGOM,18713,12175,,,,
1993,WGOM,16704.8,11535,,,,
1994,WGOM,14285.1,12645,,,,
1995,WGOM,12425.4,13800,,,,
1996,WGOM,12122,12581,,,,
1997,WGOM,10326.4,9181,,,,
1998,WGOM,9104.8,9469,,,,
1999,WGOM,8957,14934,,,,
2000,WGOM,11750.1,21301,,,,
2001,WGOM,16134,31719,,,,
2002,WGOM,12571.2,36220,,,,
2003,WGOM,9983.9,27440,,,,
2004,WGOM,8491.7,21112,,,,
2005,WGOM,8479.2,18626,,,,
2006,WGOM,5733.4,19535,,,,
2007,WGOM,8195.1,29131,,,,
2008,WGOM,10351.2,28391,,,,
2009,WGOM,10708.5,22933,,,,
2010,WGOM,10311.6,16064,,,,
2011,WGOM,9994.9,10288,,,,
2012,WGOM,5138.4,4915,,,,
2013,WGOM,3464.3,2870,,,,
2014,WGOM,2423.6,2390,,,,
2015,WGOM,902.6,3003,,,,
2016,WGOM,1252,3559,,,,
2017,WGOM,1461,3570,,,,
2018,WGOM,1150.6,2896,,,,
2019,WGOM,942.6,1993,,,,
2020,WGOM,724.6,1432,,,,
2021,WGOM,786.8,1440,,,,
2022,WGOM,640.7,1491,,,,
2023,WGOM,662.3,1847,,,,
1988,3M,1718,82912,,,,
1989,3M,917,93870,,,,
1990,3M,2762,86730,,,,
1991,3M,8989,73150,,,,
1992,3M,7226,86575,,,,
1993,3M,8316,60830,,,,
1994,3M,6885,53628,,,,
1995,3M,3221,19264,,,,
1996,3M,2305,7025,,,,
1997,3M,1457,5973,,,,
1998,3M,456,2831,,,,
1999,3M,2,2236,,,,
2000,3M,36,2463,,,,
2001,3M,56,3133,,,,
2002,3M,33,3430,,,,
2003,3M,16,4594,,,,
2004,3M,23,7973,,,,
2005,3M,26,12501,,,,
2006,3M,123,27780,,,,
2007,3M,125,41588,,,,
2008,3M,401,56376,,,,
2009,3M,1172,76506,,,,
2010,3M,5245,102984,,,,
2011,3M,9977,105800,,,,
2012,3M,9068,142141,,,,
2013,3M,13521,131549,,,,
2014,3M,14356,129757,,,,
2015,3M,12828,113149,,,,
2016,3M,13339,116647,,,,
2017,3M,13920,98834,,,,
2018,3M,11176,94102,,,,
2019,3M,17381,83856,,,,
2020,3M,8509,58975,,,,
2021,3M,1921,62345,,,,
2022,3M,2263,60064,,,,
2023,3M,3459,57256,,,,
2024,3M,7065,68839,,,,
1959,3NO,64370,206498,t,3+,t,naa*waa*mature
1960,3NO,79677,191145,t,3+,t,naa*waa*mature
1961,3NO,72724,183689,t,3+,t,naa*waa*mature
1962,3NO,34984,187356,t,3+,t,naa*waa*mature
1963,3NO,69742,225336,t,3+,t,naa*waa*mature
1964,3NO,64461,253674,t,3+,t,naa*waa*mature
1965,3NO,99187,285710,t,3+,t,naa*waa*mature
1966,3NO,108919,351832,t,3+,t,naa*waa*mature
1967,3NO,226784,395437,t,3+,t,naa*waa*mature
1968,3NO,165511,320413,t,3+,t,naa*waa*mature
1969,3NO,117705,242348,t,3+,t,naa*waa*mature
1970,3NO,111561,232729,t,3+,t,naa*waa*mature
1971,3NO,126296,240350,t,3+,t,naa*waa*mature
1972,3NO,103374,202008,t,3+,t,naa*waa*mature
1973,3NO,80429,177680,t,3+,t,naa*waa*mature
1974,3NO,73389,122570,t,3+,t,naa*waa*mature
1975,3NO,44174,61837,t,3+,t,naa*waa*mature
1976,3NO,24283,46026,t,3+,t,naa*waa*mature
1977,3NO,17604,59516,t,3+,t,naa*waa*mature
1978,3NO,14718,89177,t,3+,t,naa*waa*mature
1979,3NO,27851,98287,t,3+,t,naa*waa*mature
1980,3NO,19991,101722,t,3+,t,naa*waa*mature
1981,3NO,24344,136115,t,3+,t,naa*waa*mature
1982,3NO,31605,150869,t,3+,t,naa*waa*mature
1983,3NO,28819,161498,t,3+,t,naa*waa*mature
1984,3NO,27103,176068,t,3+,t,naa*waa*mature
1985,3NO,36899,161751,t,3+,t,naa*waa*mature
1986,3NO,50645,150279,t,3+,t,naa*waa*mature
1987,3NO,41619,130301,t,3+,t,naa*waa*mature
1988,3NO,43150,93236,t,3+,t,naa*waa*mature
1989,3NO,33215,71437,t,3+,t,naa*waa*mature
1990,3NO,28846,58228,t,3+,t,naa*waa*mature
1991,3NO,29454,40798,t,3+,t,naa*waa*mature
1992,3NO,12752,22946,t,3+,t,naa*waa*mature
1993,3NO,10646,15739,t,3+,t,naa*waa*mature
1994,3NO,2702,9997,t,3+,t,naa*waa*mature
1995,3NO,172,7559,t,3+,t,naa*waa*mature
1996,3NO,174,9388,t,3+,t,naa*waa*mature
1997,3NO,383,10110,t,3+,t,naa*waa*mature
1998,3NO,547,10177,t,3+,t,naa*waa*mature
1999,3NO,919,10805,t,3+,t,naa*waa*mature
2000,3NO,1050,11794,t,3+,t,naa*waa*mature
2001,3NO,1310,14634,t,3+,t,naa*waa*mature
2002,3NO,2194,14108,t,3+,t,naa*waa*mature
2003,3NO,4870,12187,t,3+,t,naa*waa*mature
2004,3NO,934,8602,t,3+,t,naa*waa*mature
2005,3NO,724,9807,t,3+,t,naa*waa*mature
2006,3NO,600,11534,t,3+,t,naa*waa*mature
2007,3NO,848,12006,t,3+,t,naa*waa*mature
2008,3NO,923,14381,t,3+,t,naa*waa*mature
2009,3NO,1083,18864,t,3+,t,naa*waa*mature
2010,3NO,946,18864,t,3+,t,naa*waa*mature
2011,3NO,867,21758,t,3+,t,naa*waa*mature
2012,3NO,734,26454,t,3+,t,naa*waa*mature
2013,3NO,1113,26844,t,3+,t,naa*waa*mature
2014,3NO,734,25589,t,3+,t,naa*waa*mature
2015,3NO,586,24933,t,3+,t,naa*waa*mature
2016,3NO,666,23504,t,3+,t,naa*waa*mature
2017,3NO,649,21350,t,3+,t,naa*waa*mature
2018,3NO,400,16828,t,3+,t,naa*waa*mature
2019,3NO,527,9336,t,3+,t,naa*waa*mature
2020,3NO,587,9354,t,3+,t,naa*waa*mature
